gene_name	sample_name	gene_family	aro_accession	drug_class	high_level_drug_class	resistance_mechanism	model_type	num_contigs	cutoff	contig_coverage_breadth	contig_percent_id	contig_species	num_reads	read_gene_id	read_coverage_breadth	read_coverage_depth	read_species
RlmA(II)	mWGS_SE_SRR7002140_TA.252.DNA_blaC_vanP_10p	non-erm 23S ribosomal RNA methyltransferase (G748)	ARO:3001301	macrolide antibiotic; lincosamide antibiotic	lincosamide antibiotic; macrolide antibiotic	antibiotic target alteration	protein homolog	0					1	ARO:3001301|ID:2274|Name:RlmA(II)|NCBI:CP007593.1	14.84	0.15	
mel	mWGS_SE_SRR7002140_TA.252.DNA_blaC_vanP_10p	msr-type ABC-F protein	ARO:3000616	macrolide antibiotic; streptogramin antibiotic	macrolide antibiotic; streptogramin antibiotic	antibiotic target protection	protein homolog	0					1	ARO:3000616|ID:1231|Name:mel|NCBI:AF227521.1	10.34	0.1	
patB	mWGS_SE_SRR7002140_TA.252.DNA_blaC_vanP_10p	ATP-binding cassette (ABC) antibiotic efflux pump	ARO:3000025	fluoroquinolone antibiotic	fluoroquinolone antibiotic	antibiotic efflux	protein homolog	0					1	ARO:3000025|ID:2112|Name:patB|NCBI:AE005672.3	7.13	0.07	
pmrA	mWGS_SE_SRR7002140_TA.252.DNA_blaC_vanP_10p	major facilitator superfamily (MFS) antibiotic efflux pump	ARO:3000822	fluoroquinolone antibiotic	fluoroquinolone antibiotic	antibiotic efflux	protein homolog	0					1	ARO:3000822|ID:2003|Name:pmrA|NCBI:AE007317.1	5.92	0.06	Streptococcus pneumoniae (chromosome): 1; 
tet(M)	mWGS_SE_SRR7002140_TA.252.DNA_blaC_vanP_10p	tetracycline-resistant ribosomal protection protein	ARO:3000186	tetracycline antibiotic	tetracycline antibiotic	antibiotic target protection	protein homolog	0					1	ARO:3000186|ID:1692|Name:tet(M)|NCBI:AB039845.1	6.56	0.07	
vanP	mWGS_SE_SRR7002140_TA.252.DNA_blaC_vanP_10p	glycopeptide resistance gene cluster; Van ligase	ARO:3007189	glycopeptide antibiotic	glycopeptide antibiotic	antibiotic target alteration	protein homolog	0					1	ARO:3007189|ID:5805|Name:vanP|NCBI:JAINTN010000010.1	12.24	0.12	
