[{"alignments": [{"flag": "105", "mapq": "168", "mrnm": "*", "pos": "1", "qname": "SRR7002140.3291", "rname": "ARO:3000822|ID:2003|Name:pmrA|NCBI:AE007317.1"}], "aro_accession": "3000822", "average_bait_coverage": 0, "bait_coverage_coefficient_of_variation": 0, "consensus_sequence_dna": "", "consensus_sequence_protein": "", "cvterm_name": "pmrA", "database": "CARD", "depth": "0.06", "id": "ARO:3000822|ID:2003|Name:pmrA|NCBI:AE007317.1", "length_coverage": {"covered": "71", "uncovered": "1129"}, "mapq_average": "168.00", "mate_pair": ["*"], "model_type": "protein homolog model", "mutation": "N/A", "number_of_mapped_baits": 0, "number_of_mapped_baits_with_reads": 0, "observed_in_genomes": "no data", "observed_in_pathogens": ["Streptococcus pneumoniae"], "observed_in_plasmids": "no data", "percent_coverage": {"covered": "5.92", "uncovered": "94.08"}, "predicted_pathogen": "N/A", "range_of_reference_allele_source": 100.0, "reads": {"all": "1", "mapped": "1", "unmapped": "0"}, "reference": {"sequence_length": "1200"}, "reference_allele_source": "CARD curation", "resistomes": {"AMR Gene Family": ["major facilitator superfamily (MFS) antibiotic efflux pump"], "Antibiotic": ["ciprofloxacin", "norfloxacin"], "Drug Class": ["fluoroquinolone antibiotic"], "Efflux Component": ["efflux pump complex or subunit conferring antibiotic resistance"], "Resistance Mechanism": ["antibiotic efflux"]}, "snps": ""}, {"alignments": [{"flag": "121", "mapq": "161", "mrnm": "*", "pos": "347", "qname": "SRR7002140.15021", "rname": "ARO:3001301|ID:2274|Name:RlmA(II)|NCBI:CP007593.1"}], "aro_accession": "3001301", "average_bait_coverage": 0, "bait_coverage_coefficient_of_variation": 0, "consensus_sequence_dna": "", "consensus_sequence_protein": "", "cvterm_name": "RlmA(II)", "database": "CARD", "depth": "0.15", "id": "ARO:3001301|ID:2274|Name:RlmA(II)|NCBI:CP007593.1", "length_coverage": {"covered": "126", "uncovered": "723"}, "mapq_average": "161.00", "mate_pair": ["*"], "model_type": "protein homolog model", "mutation": "N/A", "number_of_mapped_baits": 0, "number_of_mapped_baits_with_reads": 0, "observed_in_genomes": "no data", "observed_in_pathogens": ["Streptococcus pneumoniae"], "observed_in_plasmids": "no data", "percent_coverage": {"covered": "14.84", "uncovered": "85.16"}, "predicted_pathogen": "N/A", "range_of_reference_allele_source": 100.0, "reads": {"all": "1", "mapped": "1", "unmapped": "0"}, "reference": {"sequence_length": "849"}, "reference_allele_source": "CARD curation", "resistomes": {"AMR Gene Family": ["non-erm 23S ribosomal RNA methyltransferase (G748)"], "Antibiotic": ["tylosin", "mycinamicin"], "Drug Class": ["macrolide antibiotic", "lincosamide antibiotic"], "Resistance Mechanism": ["antibiotic target alteration"]}, "snps": ""}, {"alignments": [{"flag": "105", "mapq": "175", "mrnm": "*", "pos": "288", "qname": "SRR7002140.9511", "rname": "ARO:3000616|ID:1231|Name:mel|NCBI:AF227521.1"}], "aro_accession": "3000616", "average_bait_coverage": 0, "bait_coverage_coefficient_of_variation": 0, "consensus_sequence_dna": "", "consensus_sequence_protein": "", "cvterm_name": "mel", "database": "CARD", "depth": "0.10", "id": "ARO:3000616|ID:1231|Name:mel|NCBI:AF227521.1", "length_coverage": {"covered": "126", "uncovered": "1092"}, "mapq_average": "175.00", "mate_pair": ["*"], "model_type": "protein homolog model", "mutation": "N/A", "number_of_mapped_baits": 0, "number_of_mapped_baits_with_reads": 0, "observed_in_genomes": "no data", "observed_in_pathogens": ["Streptococcus pyogenes"], "observed_in_plasmids": "no data", "percent_coverage": {"covered": "10.34", "uncovered": "89.66"}, "predicted_pathogen": "N/A", "range_of_reference_allele_source": 100.0, "reads": {"all": "1", "mapped": "1", "unmapped": "0"}, "reference": {"sequence_length": "1218"}, "reference_allele_source": "CARD curation", "resistomes": {"AMR Gene Family": ["msr-type ABC-F protein"], "Antibiotic": ["erythromycin", "telithromycin"], "Drug Class": ["macrolide antibiotic", "streptogramin antibiotic"], "Resistance Mechanism": ["antibiotic target protection"]}, "snps": ""}, {"alignments": [{"flag": "185", "mapq": "190", "mrnm": "*", "pos": "622", "qname": "SRR7002140.15291", "rname": "ARO:3000186|ID:1692|Name:tet(M)|NCBI:AB039845.1"}], "aro_accession": "3000186", "average_bait_coverage": 0, "bait_coverage_coefficient_of_variation": 0, "consensus_sequence_dna": "", "consensus_sequence_protein": "", "cvterm_name": "tet(M)", "database": "CARD", "depth": "0.07", "id": "ARO:3000186|ID:1692|Name:tet(M)|NCBI:AB039845.1", "length_coverage": {"covered": "126", "uncovered": "1794"}, "mapq_average": "190.00", "mate_pair": ["*"], "model_type": "protein homolog model", "mutation": "N/A", "number_of_mapped_baits": 0, "number_of_mapped_baits_with_reads": 0, "observed_in_genomes": "no data", "observed_in_pathogens": ["Erysipelothrix rhusiopathiae"], "observed_in_plasmids": "no data", "percent_coverage": {"covered": "6.56", "uncovered": "93.44"}, "predicted_pathogen": "N/A", "range_of_reference_allele_source": 100.0, "reads": {"all": "1", "mapped": "1", "unmapped": "0"}, "reference": {"sequence_length": "1920"}, "reference_allele_source": "CARD curation", "resistomes": {"AMR Gene Family": ["tetracycline-resistant ribosomal protection protein"], "Antibiotic": ["tetracycline", "doxycycline", "minocycline", "chlortetracycline", "demeclocycline", "oxytetracycline"], "Drug Class": ["tetracycline antibiotic"], "Resistance Mechanism": ["antibiotic target protection"]}, "snps": ""}, {"alignments": [{"flag": "113", "mapq": "178", "mrnm": "*", "pos": "734", "qname": "SRR7002140.3331", "rname": "ARO:3000025|ID:2112|Name:patB|NCBI:AE005672.3"}], "aro_accession": "3000025", "average_bait_coverage": 0, "bait_coverage_coefficient_of_variation": 0, "consensus_sequence_dna": "", "consensus_sequence_protein": "", "cvterm_name": "patB", "database": "CARD", "depth": "0.07", "id": "ARO:3000025|ID:2112|Name:patB|NCBI:AE005672.3", "length_coverage": {"covered": "126", "uncovered": "1641"}, "mapq_average": "178.00", "mate_pair": ["*"], "model_type": "protein homolog model", "mutation": "N/A", "number_of_mapped_baits": 0, "number_of_mapped_baits_with_reads": 0, "observed_in_genomes": "no data", "observed_in_pathogens": ["Streptococcus pneumoniae"], "observed_in_plasmids": "no data", "percent_coverage": {"covered": "7.13", "uncovered": "92.87"}, "predicted_pathogen": "N/A", "range_of_reference_allele_source": 100.0, "reads": {"all": "1", "mapped": "1", "unmapped": "0"}, "reference": {"sequence_length": "1767"}, "reference_allele_source": "CARD curation", "resistomes": {"AMR Gene Family": ["ATP-binding cassette (ABC) antibiotic efflux pump"], "Antibiotic": ["ciprofloxacin", "norfloxacin"], "Drug Class": ["fluoroquinolone antibiotic"], "Efflux Component": ["efflux pump complex or subunit conferring antibiotic resistance"], "Resistance Mechanism": ["antibiotic efflux"]}, "snps": ""}, {"alignments": [{"flag": "121", "mapq": "194", "mrnm": "*", "pos": "904", "qname": "SRR7002140.1", "rname": "ARO:3007189|ID:5805|Name:vanP|NCBI:JAINTN010000010.1"}], "aro_accession": "3007189", "average_bait_coverage": 0, "bait_coverage_coefficient_of_variation": 0, "consensus_sequence_dna": "", "consensus_sequence_protein": "", "cvterm_name": "vanP", "database": "CARD", "depth": "0.12", "id": "ARO:3007189|ID:5805|Name:vanP|NCBI:JAINTN010000010.1", "length_coverage": {"covered": "126", "uncovered": "903"}, "mapq_average": "194.00", "mate_pair": ["*"], "model_type": "protein homolog model", "mutation": "N/A", "number_of_mapped_baits": 0, "number_of_mapped_baits_with_reads": 0, "observed_in_genomes": "no data", "observed_in_pathogens": ["Enterococcus faecium"], "observed_in_plasmids": "no data", "percent_coverage": {"covered": "12.24", "uncovered": "87.76"}, "predicted_pathogen": "N/A", "range_of_reference_allele_source": 100.0, "reads": {"all": "1", "mapped": "1", "unmapped": "0"}, "reference": {"sequence_length": "1029"}, "reference_allele_source": "CARD curation", "resistomes": {"AMR Gene Family": ["glycopeptide resistance gene cluster", "Van ligase"], "Antibiotic": ["vancomycin", "teicoplanin"], "Drug Class": ["glycopeptide antibiotic"], "Resistance Mechanism": ["antibiotic target alteration"]}, "snps": ""}]