gene_name	sample_name	gene_family	aro_accession	drug_class	high_level_drug_class	resistance_mechanism	model_type	num_contigs	cutoff	contig_coverage_breadth	contig_percent_id	contig_species	num_reads	read_gene_id	read_coverage_breadth	read_coverage_depth	read_species
Erm(37)	mWGS_RNA_mosquito-1-aedes-rna_10p	Erm 23S ribosomal RNA methyltransferase	ARO:3000392	macrolide antibiotic; lincosamide antibiotic; streptogramin antibiotic; streptogramin A antibiotic; streptogramin B antibiotic	macrolide antibiotic; lincosamide antibiotic; streptogramin antibiotic	antibiotic target alteration	protein homolog	1	Nudged	3.3333	100.0						
MexD	mWGS_RNA_mosquito-1-aedes-rna_10p	resistance-nodulation-cell division (RND) antibiotic efflux pump	ARO:3000801	macrolide antibiotic; fluoroquinolone antibiotic; aminoglycoside antibiotic; cephalosporin; penam; tetracycline antibiotic; aminocoumarin antibiotic; diaminopyrimidine antibiotic; phenicol antibiotic	macrolide antibiotic; aminocoumarin antibiotic; tetracycline antibiotic; beta-lactam antibiotic; phenicol antibiotic; fluoroquinolone antibiotic; diaminopyrimidine antibiotic; aminoglycoside antibiotic	antibiotic efflux	protein homolog	1	Nudged	0.6705	100.0						
Staphylococcus aureus mupB conferring resistance to mupirocin	mWGS_RNA_mosquito-1-aedes-rna_10p	antibiotic-resistant isoleucyl-tRNA synthetase (ileS)	ARO:3000510	mupirocin-like antibiotic	mupirocin-like antibiotic	antibiotic target alteration	protein homolog	1	Nudged	0.677	100.0						
arr-2	mWGS_RNA_mosquito-1-aedes-rna_10p	rifampin ADP-ribosyltransferase (Arr)	ARO:3002847	rifamycin antibiotic	rifamycin antibiotic	antibiotic inactivation	protein homolog	1	Nudged	3.9735	100.0						
catQ	mWGS_RNA_mosquito-1-aedes-rna_10p	chloramphenicol acetyltransferase (CAT)	ARO:3002687	phenicol antibiotic	phenicol antibiotic	antibiotic inactivation	protein homolog	1	Nudged	3.6364	100.0						
dfrA23	mWGS_RNA_mosquito-1-aedes-rna_10p	trimethoprim resistant dihydrofolate reductase dfr	ARO:3003019	diaminopyrimidine antibiotic	diaminopyrimidine antibiotic	antibiotic target replacement	protein homolog	1	Nudged	3.2086	100.0						
msrA	mWGS_RNA_mosquito-1-aedes-rna_10p	msr-type ABC-F protein	ARO:3000251	macrolide antibiotic; streptogramin antibiotic; streptogramin B antibiotic	macrolide antibiotic; streptogramin antibiotic	antibiotic target protection	protein homolog	1	Nudged	1.4315	100.0						
