ORF_ID_contig_amr	Contig_contig_amr	Start_contig_amr	Stop_contig_amr	Orientation_contig_amr	Cut_Off_contig_amr	Pass_Bitscore_contig_amr	Best_Hit_Bitscore_contig_amr	Best_Hit_ARO_contig_amr	Best_Identities_contig_amr	ARO_contig_amr	Model_type_contig_amr	SNPs_in_Best_Hit_ARO_contig_amr	Other_SNPs_contig_amr	Drug Class_contig_amr	Resistance Mechanism_contig_amr	AMR Gene Family_contig_amr	Predicted_DNA_contig_amr	Predicted_Protein_contig_amr	CARD_Protein_Sequence_contig_amr	Percentage Length of Reference Sequence_contig_amr	ID_contig_amr	Model_ID_contig_amr	Hit_Start_contig_amr	Hit_End_contig_amr	Nudged_contig_amr	Note_contig_amr	ORF_ID_contig_sp	Contig_contig_sp	Cut_Off_contig_sp	Best_Hit_ARO_contig_sp	CARD*kmer Prediction_contig_sp	Taxonomic kmers_contig_sp	Genomic kmers_contig_sp	ARO_contig	Reference Sequence_kma_amr	ARO Term_kma_amr	ARO Accession_kma_amr	Reference Model Type_kma_amr	Reference DB_kma_amr	Reference Allele Source_kma_amr	Resistomes & Variants: Observed in Genome(s)_kma_amr	Resistomes & Variants: Observed in Plasmid(s)_kma_amr	Resistomes & Variants: Observed Pathogen(s)_kma_amr	Completely Mapped Reads_kma_amr	Mapped Reads with Flanking Sequence_kma_amr	All Mapped Reads_kma_amr	Percent Coverage_kma_amr	Length Coverage (bp)_kma_amr	Average MAPQ (Completely Mapped Reads)_kma_amr	Mate Pair Linkage_kma_amr	Reference Length_kma_amr	AMR Gene Family_kma_amr	Drug Class_kma_amr	Resistance Mechanism_kma_amr	Depth_kma_amr	SNPs_kma_amr	Consensus Sequence DNA_kma_amr	Consensus Sequence Protein_kma_amr	ARO term_kma_sp	Mapped reads with kmer DB hits_kma_sp	CARD*kmer Prediction_kma_sp	Single species (chromosome) reads_kma_sp	Single species (chromosome or plasmid) reads_kma_sp	Single species (plasmid) reads_kma_sp	Single species (no genomic info) reads_kma_sp	Single genus (chromosome) reads_kma_sp	Single genus (chromosome or plasmid) reads_kma_sp	Single genus (plasmid) reads_kma_sp	Single genus (no genomic info) reads_kma_sp	Promiscuous plasmid reads_kma_sp	Unknown taxonomy (chromosome) reads_kma_sp	Unknown taxonomy (chromosome or plasmid) reads_kma_sp	Unknown taxonomy (no genomic info) reads_kma_sp	ARO_kma	ARO_accession	ARO_overall	Gene_Family_overall	Drug_Class_overall	model_overall	Resistance_Mechanism_overall
																																			ARO:3001301|ID:2274|Name:RlmA(II)|NCBI:CP007593.1	RlmA(II)	3001301	protein homolog model	CARD	CARD curation	no data	no data	Streptococcus pneumoniae	2	0	2	29.09	247	160.5	*	849	non-erm 23S ribosomal RNA methyltransferase (G748)	macrolide antibiotic; lincosamide antibiotic	antibiotic target alteration	0.29				RlmA(II)	0.0										0.0	0.0	0.0	0.0	RlmA(II)	3001301	RlmA(II)	non-erm 23S ribosomal RNA methyltransferase (G748)	macrolide antibiotic; lincosamide antibiotic	protein homolog model	antibiotic target alteration
																																			ARO:3000616|ID:1231|Name:mel|NCBI:AF227521.1	mel	3000616	protein homolog model	CARD	CARD curation	no data	no data	Streptococcus pyogenes	2	0	2	11.74	143	159.5	*	1218	msr-type ABC-F protein	macrolide antibiotic; streptogramin antibiotic	antibiotic target protection	0.21																			mel	3000616	mel	msr-type ABC-F protein	macrolide antibiotic; streptogramin antibiotic	protein homolog model	antibiotic target protection
																																			ARO:3000025|ID:2112|Name:patB|NCBI:AE005672.3	patB	3000025	protein homolog model	CARD	CARD curation	no data	no data	Streptococcus pneumoniae	2	0	2	14.26	252	161.0	*	1767	ATP-binding cassette (ABC) antibiotic efflux pump	fluoroquinolone antibiotic	antibiotic efflux	0.14				patB	0.0										0.0	0.0	0.0	0.0	patB	3000025	patB	ATP-binding cassette (ABC) antibiotic efflux pump	fluoroquinolone antibiotic	protein homolog model	antibiotic efflux
																																			ARO:3000822|ID:2003|Name:pmrA|NCBI:AE007317.1	pmrA	3000822	protein homolog model	CARD	CARD curation	no data	no data	Streptococcus pneumoniae	3	0	3	26.25	315	183.33	*	1200	major facilitator superfamily (MFS) antibiotic efflux pump	fluoroquinolone antibiotic	antibiotic efflux	0.27				pmrA	3.0	Streptococcus pneumoniae (chromosome): 1; 	Streptococcus pneumoniae: 1; 								0.0	2.0	0.0	0.0	pmrA	3000822	pmrA	major facilitator superfamily (MFS) antibiotic efflux pump	fluoroquinolone antibiotic	protein homolog model	antibiotic efflux
																																			ARO:3000186|ID:1692|Name:tet(M)|NCBI:AB039845.1	tet(M)	3000186	protein homolog model	CARD	CARD curation	no data	no data	Erysipelothrix rhusiopathiae	2	0	2	8.28	159	190.5	*	1920	tetracycline-resistant ribosomal protection protein	tetracycline antibiotic	antibiotic target protection	0.13				tet(M)	2.0										0.0	0.0	2.0	0.0	tet(M)	3000186	tet(M)	tetracycline-resistant ribosomal protection protein	tetracycline antibiotic	protein homolog model	antibiotic target protection
																																			ARO:3007189|ID:5805|Name:vanP|NCBI:JAINTN010000010.1	vanP	3007189	protein homolog model	CARD	CARD curation	no data	no data	Enterococcus faecium	2	0	2	24.49	252	193.5	*	1029	glycopeptide resistance gene cluster; Van ligase	glycopeptide antibiotic	antibiotic target alteration	0.24				vanP	0.0										0.0	0.0	0.0	0.0	vanP	3007189	vanP	glycopeptide resistance gene cluster; Van ligase	glycopeptide antibiotic	protein homolog model	antibiotic target alteration
