gene_name	sample_name	gene_family	aro_accession	drug_class	high_level_drug_class	resistance_mechanism	model_type	num_contigs	cutoff	contig_coverage_breadth	contig_percent_id	contig_species	num_reads	read_gene_id	read_coverage_breadth	read_coverage_depth	read_species
RlmA(II)	mWGS_PE_SRR7002140_TA.252.DNA_blaC_vanP_10p	non-erm 23S ribosomal RNA methyltransferase (G748)	ARO:3001301	macrolide antibiotic; lincosamide antibiotic	lincosamide antibiotic; macrolide antibiotic	antibiotic target alteration	protein homolog	0					2	ARO:3001301|ID:2274|Name:RlmA(II)|NCBI:CP007593.1	29.09	0.29	
mel	mWGS_PE_SRR7002140_TA.252.DNA_blaC_vanP_10p	msr-type ABC-F protein	ARO:3000616	macrolide antibiotic; streptogramin antibiotic	macrolide antibiotic; streptogramin antibiotic	antibiotic target protection	protein homolog	0					2	ARO:3000616|ID:1231|Name:mel|NCBI:AF227521.1	11.74	0.21	
patB	mWGS_PE_SRR7002140_TA.252.DNA_blaC_vanP_10p	ATP-binding cassette (ABC) antibiotic efflux pump	ARO:3000025	fluoroquinolone antibiotic	fluoroquinolone antibiotic	antibiotic efflux	protein homolog	0					2	ARO:3000025|ID:2112|Name:patB|NCBI:AE005672.3	14.26	0.14	
pmrA	mWGS_PE_SRR7002140_TA.252.DNA_blaC_vanP_10p	major facilitator superfamily (MFS) antibiotic efflux pump	ARO:3000822	fluoroquinolone antibiotic	fluoroquinolone antibiotic	antibiotic efflux	protein homolog	0					3	ARO:3000822|ID:2003|Name:pmrA|NCBI:AE007317.1	26.25	0.27	Streptococcus pneumoniae (chromosome): 1; 
tet(M)	mWGS_PE_SRR7002140_TA.252.DNA_blaC_vanP_10p	tetracycline-resistant ribosomal protection protein	ARO:3000186	tetracycline antibiotic	tetracycline antibiotic	antibiotic target protection	protein homolog	0					2	ARO:3000186|ID:1692|Name:tet(M)|NCBI:AB039845.1	8.28	0.13	
vanP	mWGS_PE_SRR7002140_TA.252.DNA_blaC_vanP_10p	glycopeptide resistance gene cluster; Van ligase	ARO:3007189	glycopeptide antibiotic	glycopeptide antibiotic	antibiotic target alteration	protein homolog	0					2	ARO:3007189|ID:5805|Name:vanP|NCBI:JAINTN010000010.1	24.49	0.24	
