[{"alignments": [{"flag": "99", "mapq": "175", "mrnm": "*", "pos": "288", "qname": "SRR7002140.9511", "rname": "ARO:3000616|ID:1231|Name:mel|NCBI:AF227521.1"}, {"flag": "147", "mapq": "144", "mrnm": "*", "pos": "305", "qname": "SRR7002140.9511", "rname": "ARO:3000616|ID:1231|Name:mel|NCBI:AF227521.1"}], "aro_accession": "3000616", "average_bait_coverage": 0, "bait_coverage_coefficient_of_variation": 0, "consensus_sequence_dna": "", "consensus_sequence_protein": "", "cvterm_name": "mel", "database": "CARD", "depth": "0.21", "id": "ARO:3000616|ID:1231|Name:mel|NCBI:AF227521.1", "length_coverage": {"covered": "143", "uncovered": "1075"}, "mapq_average": "159.50", "mate_pair": ["*"], "model_type": "protein homolog model", "mutation": "N/A", "number_of_mapped_baits": 0, "number_of_mapped_baits_with_reads": 0, "observed_in_genomes": "no data", "observed_in_pathogens": ["Streptococcus pyogenes"], "observed_in_plasmids": "no data", "percent_coverage": {"covered": "11.74", "uncovered": "88.26"}, "predicted_pathogen": "N/A", "range_of_reference_allele_source": 100.0, "reads": {"all": "2", "mapped": "2", "unmapped": "0"}, "reference": {"sequence_length": "1218"}, "reference_allele_source": "CARD curation", "resistomes": {"AMR Gene Family": ["msr-type ABC-F protein"], "Antibiotic": ["erythromycin", "telithromycin"], "Drug Class": ["macrolide antibiotic", "streptogramin antibiotic"], "Resistance Mechanism": ["antibiotic target protection"]}, "snps": ""}, {"alignments": [{"flag": "163", "mapq": "144", "mrnm": "*", "pos": "506", "qname": "SRR7002140.3331", "rname": "ARO:3000025|ID:2112|Name:patB|NCBI:AE005672.3"}, {"flag": "83", "mapq": "178", "mrnm": "*", "pos": "734", "qname": "SRR7002140.3331", "rname": "ARO:3000025|ID:2112|Name:patB|NCBI:AE005672.3"}], "aro_accession": "3000025", "average_bait_coverage": 0, "bait_coverage_coefficient_of_variation": 0, "consensus_sequence_dna": "", "consensus_sequence_protein": "", "cvterm_name": "patB", "database": "CARD", "depth": "0.14", "id": "ARO:3000025|ID:2112|Name:patB|NCBI:AE005672.3", "length_coverage": {"covered": "252", "uncovered": "1515"}, "mapq_average": "161.00", "mate_pair": ["*"], "model_type": "protein homolog model", "mutation": "N/A", "number_of_mapped_baits": 0, "number_of_mapped_baits_with_reads": 0, "observed_in_genomes": "no data", "observed_in_pathogens": ["Streptococcus pneumoniae"], "observed_in_plasmids": "no data", "percent_coverage": {"covered": "14.26", "uncovered": "85.74"}, "predicted_pathogen": "N/A", "range_of_reference_allele_source": 100.0, "reads": {"all": "2", "mapped": "2", "unmapped": "0"}, "reference": {"sequence_length": "1767"}, "reference_allele_source": "CARD curation", "resistomes": {"AMR Gene Family": ["ATP-binding cassette (ABC) antibiotic efflux pump"], "Antibiotic": ["ciprofloxacin", "norfloxacin"], "Drug Class": ["fluoroquinolone antibiotic"], "Efflux Component": ["efflux pump complex or subunit conferring antibiotic resistance"], "Resistance Mechanism": ["antibiotic efflux"]}, "snps": ""}, {"alignments": [{"flag": "163", "mapq": "191", "mrnm": "*", "pos": "589", "qname": "SRR7002140.15291", "rname": "ARO:3000186|ID:1692|Name:tet(M)|NCBI:AB039845.1"}, {"flag": "83", "mapq": "190", "mrnm": "*", "pos": "622", "qname": "SRR7002140.15291", "rname": "ARO:3000186|ID:1692|Name:tet(M)|NCBI:AB039845.1"}], "aro_accession": "3000186", "average_bait_coverage": 0, "bait_coverage_coefficient_of_variation": 0, "consensus_sequence_dna": "", "consensus_sequence_protein": "", "cvterm_name": "tet(M)", "database": "CARD", "depth": "0.13", "id": "ARO:3000186|ID:1692|Name:tet(M)|NCBI:AB039845.1", "length_coverage": {"covered": "159", "uncovered": "1761"}, "mapq_average": "190.50", "mate_pair": ["*"], "model_type": "protein homolog model", "mutation": "N/A", "number_of_mapped_baits": 0, "number_of_mapped_baits_with_reads": 0, "observed_in_genomes": "no data", "observed_in_pathogens": ["Erysipelothrix rhusiopathiae"], "observed_in_plasmids": "no data", "percent_coverage": {"covered": "8.28", "uncovered": "91.72"}, "predicted_pathogen": "N/A", "range_of_reference_allele_source": 100.0, "reads": {"all": "2", "mapped": "2", "unmapped": "0"}, "reference": {"sequence_length": "1920"}, "reference_allele_source": "CARD curation", "resistomes": {"AMR Gene Family": ["tetracycline-resistant ribosomal protection protein"], "Antibiotic": ["tetracycline", "doxycycline", "minocycline", "chlortetracycline", "demeclocycline", "oxytetracycline"], "Drug Class": ["tetracycline antibiotic"], "Resistance Mechanism": ["antibiotic target protection"]}, "snps": ""}, {"alignments": [{"flag": "99", "mapq": "168", "mrnm": "*", "pos": "1", "qname": "SRR7002140.3291", "rname": "ARO:3000822|ID:2003|Name:pmrA|NCBI:AE007317.1"}, {"flag": "147", "mapq": "193", "mrnm": "*", "pos": "64", "qname": "SRR7002140.3291", "rname": "ARO:3000822|ID:2003|Name:pmrA|NCBI:AE007317.1"}, {"flag": "169", "mapq": "189", "mrnm": "*", "pos": "900", "qname": "SRR7002140.9611", "rname": "ARO:3000822|ID:2003|Name:pmrA|NCBI:AE007317.1"}], "aro_accession": "3000822", "average_bait_coverage": 0, "bait_coverage_coefficient_of_variation": 0, "consensus_sequence_dna": "", "consensus_sequence_protein": "", "cvterm_name": "pmrA", "database": "CARD", "depth": "0.27", "id": "ARO:3000822|ID:2003|Name:pmrA|NCBI:AE007317.1", "length_coverage": {"covered": "315", "uncovered": "885"}, "mapq_average": "183.33", "mate_pair": ["*"], "model_type": "protein homolog model", "mutation": "N/A", "number_of_mapped_baits": 0, "number_of_mapped_baits_with_reads": 0, "observed_in_genomes": "no data", "observed_in_pathogens": ["Streptococcus pneumoniae"], "observed_in_plasmids": "no data", "percent_coverage": {"covered": "26.25", "uncovered": "73.75"}, "predicted_pathogen": "N/A", "range_of_reference_allele_source": 100.0, "reads": {"all": "3", "mapped": "3", "unmapped": "0"}, "reference": {"sequence_length": "1200"}, "reference_allele_source": "CARD curation", "resistomes": {"AMR Gene Family": ["major facilitator superfamily (MFS) antibiotic efflux pump"], "Antibiotic": ["ciprofloxacin", "norfloxacin"], "Drug Class": ["fluoroquinolone antibiotic"], "Efflux Component": ["efflux pump complex or subunit conferring antibiotic resistance"], "Resistance Mechanism": ["antibiotic efflux"]}, "snps": ""}, {"alignments": [{"flag": "163", "mapq": "160", "mrnm": "*", "pos": "49", "qname": "SRR7002140.15021", "rname": "ARO:3001301|ID:2274|Name:RlmA(II)|NCBI:CP007593.1"}, {"flag": "83", "mapq": "161", "mrnm": "*", "pos": "352", "qname": "SRR7002140.15021", "rname": "ARO:3001301|ID:2274|Name:RlmA(II)|NCBI:CP007593.1"}], "aro_accession": "3001301", "average_bait_coverage": 0, "bait_coverage_coefficient_of_variation": 0, "consensus_sequence_dna": "", "consensus_sequence_protein": "", "cvterm_name": "RlmA(II)", "database": "CARD", "depth": "0.29", "id": "ARO:3001301|ID:2274|Name:RlmA(II)|NCBI:CP007593.1", "length_coverage": {"covered": "247", "uncovered": "602"}, "mapq_average": "160.50", "mate_pair": ["*"], "model_type": "protein homolog model", "mutation": "N/A", "number_of_mapped_baits": 0, "number_of_mapped_baits_with_reads": 0, "observed_in_genomes": "no data", "observed_in_pathogens": ["Streptococcus pneumoniae"], "observed_in_plasmids": "no data", "percent_coverage": {"covered": "29.09", "uncovered": "70.91"}, "predicted_pathogen": "N/A", "range_of_reference_allele_source": 100.0, "reads": {"all": "2", "mapped": "2", "unmapped": "0"}, "reference": {"sequence_length": "849"}, "reference_allele_source": "CARD curation", "resistomes": {"AMR Gene Family": ["non-erm 23S ribosomal RNA methyltransferase (G748)"], "Antibiotic": ["tylosin", "mycinamicin"], "Drug Class": ["macrolide antibiotic", "lincosamide antibiotic"], "Resistance Mechanism": ["antibiotic target alteration"]}, "snps": ""}, {"alignments": [{"flag": "163", "mapq": "193", "mrnm": "*", "pos": "1", "qname": "SRR7002140.1", "rname": "ARO:3007189|ID:5805|Name:vanP|NCBI:JAINTN010000010.1"}, {"flag": "83", "mapq": "194", "mrnm": "*", "pos": "904", "qname": "SRR7002140.1", "rname": "ARO:3007189|ID:5805|Name:vanP|NCBI:JAINTN010000010.1"}], "aro_accession": "3007189", "average_bait_coverage": 0, "bait_coverage_coefficient_of_variation": 0, "consensus_sequence_dna": "", "consensus_sequence_protein": "", "cvterm_name": "vanP", "database": "CARD", "depth": "0.24", "id": "ARO:3007189|ID:5805|Name:vanP|NCBI:JAINTN010000010.1", "length_coverage": {"covered": "252", "uncovered": "777"}, "mapq_average": "193.50", "mate_pair": ["*"], "model_type": "protein homolog model", "mutation": "N/A", "number_of_mapped_baits": 0, "number_of_mapped_baits_with_reads": 0, "observed_in_genomes": "no data", "observed_in_pathogens": ["Enterococcus faecium"], "observed_in_plasmids": "no data", "percent_coverage": {"covered": "24.49", "uncovered": "75.51"}, "predicted_pathogen": "N/A", "range_of_reference_allele_source": 100.0, "reads": {"all": "2", "mapped": "2", "unmapped": "0"}, "reference": {"sequence_length": "1029"}, "reference_allele_source": "CARD curation", "resistomes": {"AMR Gene Family": ["glycopeptide resistance gene cluster", "Van ligase"], "Antibiotic": ["vancomycin", "teicoplanin"], "Drug Class": ["glycopeptide antibiotic"], "Resistance Mechanism": ["antibiotic target alteration"]}, "snps": ""}]